url_path,views_total,views_unique
/voidburn/cron-expression-descriptor,71,40
/voidburn/cron-expression-descriptor/tree/master/src,16,7
/voidburn/cron-expression-descriptor/tree/master/src/main,11,5
/voidburn/cron-expression-descriptor/tree/master/src/main/java/it/burning,11,5
/voidburn/cron-expression-descriptor/tree/master/src/main/java/it/burning/cron,7,5
/voidburn/cron-expression-descriptor/tree/master/src/test/java/it/burning/cron,6,4
/voidburn/cron-expression-descriptor/tree/master/src/main/java/it/burning/utils,5,4
/voidburn/cron-expression-descriptor/tree/master/src/test/java/it/burning,5,4
/voidburn/cron-expression-descriptor/tree/master/src/main/resources,5,2
/voidburn/cron-expression-descriptor/blob/master/src/main/java/it/burning/cron/CronExpressionDescriptor.java,4,4
